Date,Name,Year,Letterboxd URI
2022-10-01,Gringo,2018,https://boxd.it/bj4C
2022-10-01,The Miseducation of Cameron Post,2018,https://boxd.it/f6B2
2022-10-01,Arizona,2018,https://boxd.it/hDQ4
2022-10-01,Breaking In,2018,https://boxd.it/hXkC
2022-10-01,Deadpool 3,2024,https://boxd.it/jq8s
2022-10-01,Lost Transmissions,2019,https://boxd.it/jvUG
2022-10-01,It's Kind of a Funny Story,2010,https://boxd.it/Tfa
2022-10-01,Hedwig and the Angry Inch,2001,https://boxd.it/1Qfe
2022-10-01,Cashback,2006,https://boxd.it/1Sf6
2022-10-01,The Men Who Stare at Goats,2009,https://boxd.it/1Wza
2022-10-01,Rent,2005,https://boxd.it/2844
2022-10-01,The Hours,2002,https://boxd.it/2a3s
2022-10-01,Hearts Beat Loud,2018,https://boxd.it/gReG
2022-10-01,The Signal,2014,https://boxd.it/77hc
2022-10-01,Marrowbone,2017,https://boxd.it/dZVC
2022-10-01,Little Woods,2018,https://boxd.it/g76c
2022-10-01,Brown Girl Begins,2017,https://boxd.it/i5pq
2022-10-01,The Vast of Night,2019,https://boxd.it/kJyc
2022-10-01,Bad Times at the El Royale,2018,https://boxd.it/fSA2
2022-10-01,The Breaker Upperers,2018,https://boxd.it/i846
2022-10-01,Parallels,2015,https://boxd.it/aJQA
2022-10-01,Mary Shelley,2017,https://boxd.it/aW9u
2022-10-01,Stay,2015,https://boxd.it/ceAq
2022-10-01,Better Watch Out,2016,https://boxd.it/ekeO
2022-10-01,Stray,2019,https://boxd.it/ftQu
2022-10-01,Teen Spirit,2018,https://boxd.it/fFEq
2022-10-01,Super 8,2011,https://boxd.it/dVI
2022-10-01,Super,2010,https://boxd.it/QgO
2022-10-01,Wilby Wonderful,2004,https://boxd.it/16bA
2022-10-01,Into the Forest,2015,https://boxd.it/b2KG
2022-10-01,Keanu,2016,https://boxd.it/brha
2022-10-01,Fast Color,2018,https://boxd.it/g3wg
2022-10-01,Bad Samaritan,2018,https://boxd.it/gKFA
2022-10-01,Bill & Ted Face the Music,2020,https://boxd.it/i7BI
2022-10-01,Seven Stages to Achieve Eternal Bliss,2018,https://boxd.it/i804
2022-10-01,Search Party,2016,https://boxd.it/nWNK
2022-10-01,Spaceballs,1987,https://boxd.it/29cy
2022-10-01,Fury,2014,https://boxd.it/6JwC
2022-10-01,Atlanta,1996,https://boxd.it/87RQ
2022-10-01,The Hateful Eight,2015,https://boxd.it/8gw8
2022-10-01,The Lost City of Z,2016,https://boxd.it/a7jS
2022-10-01,Allied,2016,https://boxd.it/cP42
2022-10-01,Hitman's Wife's Bodyguard,2021,https://boxd.it/iZdq
2022-10-01,Between Two Ferns: The Movie,2019,https://boxd.it/lw9g
2022-10-01,Ocean's Thirteen,2007,https://boxd.it/2aEy
2022-10-01,Widows,2018,https://boxd.it/e6gc
2022-10-01,The Villainess,2017,https://boxd.it/fwe4
2022-10-01,M.F.A.,2017,https://boxd.it/fzqC
2022-10-01,Hummingbird,,https://boxd.it/fBhs
2022-10-01,Leave No Trace,2018,https://boxd.it/fMfM
2022-10-01,The Good Time Girls,2017,https://boxd.it/gOgu
2022-10-01,Skate Kitchen,2018,https://boxd.it/hI3Q
2022-10-01,Bombshell,2019,https://boxd.it/j5YC
2022-10-01,Freak Shift,,https://boxd.it/s65c
2022-10-01,Project A,1983,https://boxd.it/1BLY
2022-10-01,After Life,1998,https://boxd.it/1HMI
2022-10-01,The Legend of Drunken Master,1994,https://boxd.it/1Si0
2022-10-01,Don't Be a Menace to South Central While Drinking Your Juice in the Hood,1996,https://boxd.it/1VQa
2022-10-01,Children of Men,2006,https://boxd.it/1Y2i
2022-10-01,The Umbrellas of Cherbourg,1964,https://boxd.it/22fK
2022-10-01,Why Don't You Play in Hell?,2013,https://boxd.it/4lnC
2022-10-01,You Were Never Really Here,2017,https://boxd.it/dWOS
2022-10-01,Mirai,2018,https://boxd.it/h2Hu
2022-10-01,The Guilty,2018,https://boxd.it/hw9i
2022-10-01,American Animals,2018,https://boxd.it/hE4K
2022-10-01,The Exterminating Angel,1962,https://boxd.it/1nRS
2022-10-01,Wild Wild West,1999,https://boxd.it/205y
2022-10-01,Hero,2002,https://boxd.it/2bcq
2022-10-01,Spare Parts,2015,https://boxd.it/7Sgq
2022-10-01,Woman in Gold,2015,https://boxd.it/9HN8
2022-10-01,If Beale Street Could Talk,2018,https://boxd.it/gGhu
2022-10-01,Ladies in Black,2018,https://boxd.it/hnF0
2022-10-01,Colorful,2010,https://boxd.it/4UG
2022-10-01,Gray Matters,2006,https://boxd.it/1Ngy
2022-10-01,The Anthem of the Heart,2015,https://boxd.it/cBiO
2022-10-01,Vita & Virginia,2018,https://boxd.it/fUIW
2022-10-01,Maquia: When the Promised Flower Blooms,2018,https://boxd.it/h6bM
2022-10-01,Ride Your Wave,2019,https://boxd.it/jhcg
2022-10-01,Tomboy,2011,https://boxd.it/49U
2022-10-01,The Way He Looks,2014,https://boxd.it/70yA
2022-10-01,Tigers Are Not Afraid,2017,https://boxd.it/bIww
2022-10-01,Girls Lost,2015,https://boxd.it/c2YK
2022-10-01,Roma,2018,https://boxd.it/f69M
2022-10-01,God's Own Country,2017,https://boxd.it/faZM
2022-10-01,Birds of Passage,2018,https://boxd.it/fyVu
2022-10-01,The Post,2017,https://boxd.it/fTeG
2022-10-01,BPM (Beats per Minute),2017,https://boxd.it/g796
2022-10-01,One Cut of the Dead,2017,https://boxd.it/iAFu
2022-10-01,The Dead Don't Die,2019,https://boxd.it/juZg
2022-10-01,Watchmen,2019,https://boxd.it/ol5e
2022-10-01,Modern Romance,1981,https://boxd.it/6Xi
2022-10-01,In a Better World,2010,https://boxd.it/RgA
2022-10-01,9 Dead Gay Guys,2003,https://boxd.it/1EVW
2022-10-01,The Quiet Earth,1985,https://boxd.it/1WTE
2022-10-01,The Kings of Summer,2013,https://boxd.it/4V3e
2022-10-01,Ash Is Purest White,2018,https://boxd.it/fH5C
2022-10-01,The Guernsey Literary & Potato Peel Pie Society,2018,https://boxd.it/g68w
2022-10-01,Shirkers,2018,https://boxd.it/hDOs
2022-10-01,Kate,2021,https://boxd.it/m2qy
2022-10-01,Black Sabbath,1963,https://boxd.it/1qoa
2022-10-01,Black Sunday,1960,https://boxd.it/1rlG
2022-10-01,Santa Sangre,1989,https://boxd.it/1FrI
2022-10-01,The Company of Wolves,1984,https://boxd.it/1SO6
2022-10-01,Loving Vincent,2017,https://boxd.it/biIQ
2022-10-01,Perfect Strangers,2016,https://boxd.it/dgVi
2022-10-01,A Ghost Story,2017,https://boxd.it/fb0K
2022-10-01,Perfect Strangers,2017,https://boxd.it/fru2
2022-10-01,The Personal History of David Copperfield,2019,https://boxd.it/iTAS
2022-10-01,Brightburn,2019,https://boxd.it/jk58
2022-10-01,Giant Little Ones,2018,https://boxd.it/jAp4
2022-10-01,And Then We Danced,2019,https://boxd.it/m0e6
2022-10-01,I Carry You with Me,2020,https://boxd.it/oiia
2022-10-01,The Reason I Jump,2020,https://boxd.it/oiS8
2022-10-01,The Incredibly True Adventure of Two Girls in Love,1995,https://boxd.it/1nDc
2022-10-01,The Belles of St. Trinian's,1954,https://boxd.it/1TVC
2022-10-01,The Net,1995,https://boxd.it/28pG
2022-10-01,Wolf Children,2012,https://boxd.it/3Ipk
2022-10-01,Far from the Madding Crowd,2015,https://boxd.it/7lpa
2022-10-01,Rafiki,2018,https://boxd.it/iMFc
2022-10-01,Queen & Slim,2019,https://boxd.it/jy4y
2022-10-01,Homecoming,2018,https://boxd.it/kj8i
2022-10-01,Les Misérables,2019,https://boxd.it/lAPA
2022-10-01,A Boy and His Dog,1975,https://boxd.it/23FO
2022-10-01,The Butler,2013,https://boxd.it/4iti
2022-10-01,Alias Grace,2017,https://boxd.it/f5ls
2022-10-01,Drink Slay Love,2017,https://boxd.it/h0qG
2022-10-01,Shrill Cries of Summer,2008,https://boxd.it/1ei0
2022-10-01,Black Christmas,1974,https://boxd.it/1Js6
2022-10-01,Teeth,2007,https://boxd.it/1QMM
2022-10-01,Fruitvale Station,2013,https://boxd.it/4VRy
2022-10-01,Daughter of Smoke & Bone,,https://boxd.it/75UQ
2022-10-01,Under the Silver Lake,2018,https://boxd.it/dSAs
2022-10-01,13th,2016,https://boxd.it/elNg
2022-10-01,Ingrid Goes West,2017,https://boxd.it/evUQ
2022-10-01,The Hate U Give,2018,https://boxd.it/gQyg
2022-10-01,The Last Black Man in San Francisco,2019,https://boxd.it/iWAw
2022-10-01,The Diviners,2019,https://boxd.it/sK1u
2022-10-01,Phantom of the Paradise,1974,https://boxd.it/1s34
2022-10-01,"Ladies and Gentlemen, the Fabulous Stains",1982,https://boxd.it/1sH4
2022-10-01,Triangle,2009,https://boxd.it/1tQG
2022-10-01,Airheads,1994,https://boxd.it/1POW
2022-10-01,A Room with a View,1986,https://boxd.it/1UfC
2022-10-01,Honeymoon,2014,https://boxd.it/7t3w
2022-10-01,The Lure,2015,https://boxd.it/d3mE
2022-10-01,Super Dark Times,2017,https://boxd.it/dTle
2022-10-01,Never Goin' Back,2018,https://boxd.it/hDQe
2022-10-01,Villains,2019,https://boxd.it/isnC
2022-10-01,Breaking News in Yuba County,2021,https://boxd.it/kn24
2022-10-01,Destino,2003,https://boxd.it/1cMM
2022-10-01,Love Exposure,2008,https://boxd.it/1pDe
2022-10-01,The Motel,2005,https://boxd.it/1Dmc
2022-10-01,The Joy Luck Club,1993,https://boxd.it/1ElY
2022-10-01,Better Luck Tomorrow,2002,https://boxd.it/1On6
2022-10-01,Life as a House,2001,https://boxd.it/1TO2
2022-10-01,The Producers,2005,https://boxd.it/1XzU
2022-10-01,Mary Jane's Not a Virgin Anymore,1996,https://boxd.it/7awa
2022-10-01,The Wailing,2016,https://boxd.it/9fLy
2022-10-01,American Honey,2016,https://boxd.it/bk7C
2022-10-01,Spa Night,2016,https://boxd.it/d0uA
2022-10-01,My Life as a Zucchini,2016,https://boxd.it/dL2y
2022-10-01,Gook,2017,https://boxd.it/fm6O
2022-10-01,What Keeps You Alive,2018,https://boxd.it/ic9Y
2022-10-01,Mikey and Nicky,1976,https://boxd.it/iL4
2022-10-01,I Killed My Mother,2009,https://boxd.it/1ubO
2022-10-01,Fish Tank,2009,https://boxd.it/1xBg
2022-10-01,Mindhunters,2004,https://boxd.it/1JTG
2022-10-01,Better Off Dead...,1985,https://boxd.it/1PFU
2022-10-01,Shallow Grave,1994,https://boxd.it/1XyW
2022-10-01,A Scanner Darkly,2006,https://boxd.it/25jK
2022-10-01,The Game,1997,https://boxd.it/26vC
2022-10-01,Re-Animator,1985,https://boxd.it/28hM
2022-10-01,Eraserhead,1977,https://boxd.it/299u
2022-10-01,The Color Purple,1985,https://boxd.it/29oO
2022-10-01,The Spectacular Now,2013,https://boxd.it/4VSG
2022-10-01,A Girl Walks Home Alone at Night,2014,https://boxd.it/7nZE
2022-10-01,Handsome Devil,2016,https://boxd.it/ewKs
2022-10-01,Beach Rats,2017,https://boxd.it/f5m6
2022-10-01,How to Be,2008,https://boxd.it/1EEc
2022-10-01,The Frighteners,1996,https://boxd.it/1Vq2
2022-10-01,Breakfast on Pluto,2005,https://boxd.it/28MU
2022-10-01,Shortbus,2006,https://boxd.it/28So
2022-10-01,Housebound,2014,https://boxd.it/7qOk
2022-10-01,Life,2015,https://boxd.it/9wym
2022-10-01,The Green Knight,2021,https://boxd.it/kuy2
2022-10-01,The Movies,2019,https://boxd.it/n6Gi
2022-10-01,Till Death,2021,https://boxd.it/p3VI
2022-10-01,Aurora,,https://boxd.it/qUbA
2022-10-01,Cosmopolis,2012,https://boxd.it/H4O
2022-10-01,Paper Man,2009,https://boxd.it/13Ju
2022-10-01,Parting Glances,1986,https://boxd.it/1h9A
2022-10-01,The Wiz,1978,https://boxd.it/1wG0
2022-10-01,Igby Goes Down,2002,https://boxd.it/1Y3A
2022-10-01,Bel Ami,2012,https://boxd.it/33Yo
2022-10-01,Short Term 12,2013,https://boxd.it/5f6s
2022-10-01,Much Ado About Nothing,2011,https://boxd.it/5UH0
2022-10-01,Suicide Kale,2016,https://boxd.it/dZm8
2022-10-01,Infinity Baby,2017,https://boxd.it/fzxe
2022-10-01,Gay Kid and Fat Chick,,https://boxd.it/iRGE
2022-10-01,The Killing of Sister George,1968,https://boxd.it/tX6
2022-10-01,Wonderwall,1968,https://boxd.it/13YO
2022-10-01,Born in Flames,1983,https://boxd.it/19IC
2022-10-01,The World Unseen,2007,https://boxd.it/1k1k
2022-10-01,Paper Heart,2009,https://boxd.it/1wf4
2022-10-01,Last Action Hero,1993,https://boxd.it/1YhW
2022-10-01,The Holy Mountain,1973,https://boxd.it/20mu
2022-10-01,Liar Liar,1997,https://boxd.it/28sg
2022-10-01,Reaching for the Moon,2013,https://boxd.it/5bWY
2022-10-01,Ben 10/Generator Rex: Heroes United,2011,https://boxd.it/e8k6
2022-10-01,Summerland,2020,https://boxd.it/j1S6
2022-10-01,Lost in Austen,2008,https://boxd.it/1F7I
2022-10-01,Outlander,2008,https://boxd.it/1W2q
2022-10-01,Nowhere,1997,https://boxd.it/286E
2022-10-01,Emma,2009,https://boxd.it/5Ahw
2022-10-01,The Road Within,2014,https://boxd.it/6JtS
2022-10-01,Chi-Raq,2015,https://boxd.it/bjIM
2022-10-01,First Man,2018,https://boxd.it/cPym
2022-10-01,Gentleman Jack,2019,https://boxd.it/mkc0
2022-10-01,Win or Lose,2012,https://boxd.it/oCO6
2022-10-01,Slacker,1990,https://boxd.it/1OUu
2022-10-01,Frequencies,2013,https://boxd.it/6unK
2022-10-01,Little Monsters,2019,https://boxd.it/iarm
2022-10-01,Babyteeth,2019,https://boxd.it/iWDU
2022-10-01,Shithouse,2020,https://boxd.it/nCFc
2022-10-01,New Gods: Nezha Reborn,2021,https://boxd.it/oHdE
2022-10-01,Genius Loci,2020,https://boxd.it/oHGm
2022-10-01,If Anything Happens I Love You,2020,https://boxd.it/qIv4
2022-10-01,Opera,2020,https://boxd.it/saK4
2022-10-01,Seaspiracy,2021,https://boxd.it/u9rE
2022-10-01,The Secret of Kells,2009,https://boxd.it/1sMI
2022-10-01,Adventureland,2009,https://boxd.it/1JTQ
2022-10-01,The Gay Deceivers,1969,https://boxd.it/69qI
2022-10-01,American Ultra,2015,https://boxd.it/7KXc
2022-10-01,Mrs. Fletcher,2019,https://boxd.it/ooNe
2022-10-01,Betty,2020,https://boxd.it/vgJ8
2022-10-01,Rock 'n' Roll High School,1979,https://boxd.it/1u6k
2022-10-01,Little Shop of Horrors,1986,https://boxd.it/1Vqm
2022-10-01,Demolition Man,1993,https://boxd.it/1XVm
2022-10-01,Robin Hood: Men in Tights,1993,https://boxd.it/20H8
2022-10-01,Flash Gordon,,https://boxd.it/jOxc
2022-10-01,Stay Awake,2022,https://boxd.it/w7zg
2022-10-01,Ciao Alberto,2021,https://boxd.it/x4F8
2022-10-01,X to X,2023,https://boxd.it/xF0m
2022-10-01,One Flew Over the Cuckoo's Nest,1975,https://boxd.it/2aeA
2022-10-01,Sin City,2005,https://boxd.it/2aVk
2022-10-01,"Yes, God, Yes",2019,https://boxd.it/jaGS
2022-10-01,The Marvels,2023,https://boxd.it/mwU4
2022-10-01,Fresh,2022,https://boxd.it/tCNi
2022-10-01,Jujutsu Kaisen 0,2021,https://boxd.it/uvFS
2022-10-01,Teachers. Holidays in the Occupation,2022,https://boxd.it/CzW0
2022-10-01,Prince of Persia: The Sands of Time,2010,https://boxd.it/1YpQ
2022-10-01,Young Frankenstein,1974,https://boxd.it/25To
2022-10-01,Funny Pages,2022,https://boxd.it/lrlm
2022-10-01,Normal People,2020,https://boxd.it/q2VY
2022-10-01,The Woman King,2022,https://boxd.it/r9a8
2022-10-01,Day Shift,2022,https://boxd.it/sn8W
2022-10-01,Nope,2022,https://boxd.it/sDCe
2022-10-01,See How They Run,2022,https://boxd.it/sNVq
2022-10-01,"I Love You, Man",2009,https://boxd.it/1JZu
2022-10-01,Hot Rod,2007,https://boxd.it/1X9C
2022-10-01,Tenacious D in The Pick of Destiny,2006,https://boxd.it/27go
2022-10-01,The Bride of Frankenstein,1935,https://boxd.it/2aPc
2022-10-01,How Do You Live?,2023,https://boxd.it/ipeM
2022-10-01,In Search of Tomorrow,2022,https://boxd.it/mP9c
2022-10-01,Vicious Fun,2020,https://boxd.it/riV8
2022-10-01,"Love, Honour and Obey",2000,https://boxd.it/1HIQ
2022-10-01,My Cousin Vinny,1992,https://boxd.it/1WpO
2022-10-01,Sense and Sensibility,1995,https://boxd.it/244E
2022-10-01,Pride and Prejudice,1995,https://boxd.it/g97G
2022-10-01,The Darjeeling Limited,2007,https://boxd.it/24as
2022-10-01,PlayTime,1967,https://boxd.it/1WLK
2022-10-02,Watching the Detectives,2007,https://boxd.it/1B3i
2022-10-05,Teenage Mutant Ninja Turtles,1990,https://boxd.it/28FY
2022-10-05,Tove,2020,https://boxd.it/msKO
2022-10-05,Red Post on Escher Street,2020,https://boxd.it/pdpi
2022-10-05,We Were There to be There,2021,https://boxd.it/v9S8
2022-10-05,Starman,1984,https://boxd.it/1Y6O
2022-10-05,The Iron Giant,1999,https://boxd.it/1Wow
2022-10-05,Chopping Mall,1986,https://boxd.it/1ow2
2022-10-07,Black Mirror: Crocodile,2017,https://boxd.it/hRoS
2022-10-07,Johnny Mnemonic,1995,https://boxd.it/1XBQ
2022-10-07,Amerikana,2001,https://boxd.it/1R8y
2022-10-07,Toilet-Bound Hanako-kun,2020,https://boxd.it/v88o
2022-10-07,The Punk Singer,2013,https://boxd.it/5sk8
2022-10-07,The Decline of Western Civilization,1981,https://boxd.it/1Com
2022-10-07,This Is England,2006,https://boxd.it/1T44
2022-10-07,Times Square,1980,https://boxd.it/2Dy0
2022-10-07,Pussy Riot: A Punk Prayer,2013,https://boxd.it/4YpM
2022-10-07,Daria in 'Is It College Yet?',2002,https://boxd.it/1y3a
2022-10-07,Anna and the Apocalypse,2017,https://boxd.it/gwcE
2022-10-07,Vampyres,1974,https://boxd.it/1kmW
2022-10-07,Elvira's Haunted Hills,2001,https://boxd.it/1BEe
2022-10-08,Medea,1969,https://boxd.it/1u1Y
2022-10-08,Funeral Parade of Roses,1969,https://boxd.it/28Cg
2022-10-09,Much Ado About Nothing,1993,https://boxd.it/1SDM
2022-10-09,The Devil's Advocate,1997,https://boxd.it/286k
2022-10-09,House on Haunted Hill,1959,https://boxd.it/1Ln8
2022-10-09,Chocolate Babies,1996,https://boxd.it/8FzG
2022-10-09,The Innocents,1961,https://boxd.it/1KeY
2022-10-09,Desert Hearts,1985,https://boxd.it/2aFc
2022-10-10,Promare,2019,https://boxd.it/keFQ
2022-10-10,Re: Cutie Honey,2004,https://boxd.it/A0ZE
2022-10-10,Welcome to the Dollhouse,1995,https://boxd.it/1TPO
2022-10-10,Garth Marenghi's Darkplace,2004,https://boxd.it/pMvA
2022-10-10,Shock Treatment,1981,https://boxd.it/1qui
2022-10-10,The Animation Show,2003,https://boxd.it/1bd2
2022-10-10,Fritz the Cat,1972,https://boxd.it/1RCI
2022-10-10,The VelociPastor,2018,https://boxd.it/glzW
2022-10-10,Cool World,1992,https://boxd.it/1Ou2
2022-10-10,Junky,2020,https://boxd.it/n2Na
2022-10-10,Helter Skelter,2012,https://boxd.it/3ybW
2022-10-10,Bride of Re-Animator,1990,https://boxd.it/1HyQ
2022-10-10,Vamp,1986,https://boxd.it/1e6S
2022-10-10,Rope,1948,https://boxd.it/28yo
2022-10-11,Color Out of Space,2019,https://boxd.it/k1HY
2022-10-11,UHF,1989,https://boxd.it/1SFI
2022-10-11,Brassed Off,1996,https://boxd.it/1YEm
2022-10-11,What Ever Happened to Baby Jane?,1962,https://boxd.it/1WJE
2022-10-11,Werewolf by Night,2022,https://boxd.it/xMrO
2022-10-11,Leonor Will Never Die,2022,https://boxd.it/yoJQ
2022-10-11,Frankenstein,1931,https://boxd.it/25Te
2022-10-11,Waiting for the Hearse,1985,https://boxd.it/1PIa
2022-10-11,Love Bites,1988,https://boxd.it/cqV6
2022-10-11,The Daytrippers,1996,https://boxd.it/F9i
2022-10-11,John Wick: Chapter 4,2023,https://boxd.it/mh48
2022-10-11,Carnivale,1999,https://boxd.it/5H9O
2022-10-11,Spice World,1997,https://boxd.it/222Q
2022-10-12,License to Wed,2007,https://boxd.it/264m
2022-10-12,Grandma,2015,https://boxd.it/9V00
2022-10-12,I Can't Think Straight,2008,https://boxd.it/1jAI
2022-10-12,The Brady Bunch Movie,1995,https://boxd.it/1ZfC
2022-10-13,Who's Afraid of Virginia Woolf?,1966,https://boxd.it/2atK
2022-10-13,The Wedding Banquet,1993,https://boxd.it/1Z82
2022-10-13,C.R.A.Z.Y.,2005,https://boxd.it/1TSI
2022-10-13,Steam: The Turkish Bath,1997,https://boxd.it/1swU
2022-10-13,What We Did on Our Holiday,2014,https://boxd.it/8qLs
2022-10-13,Little Ashes,2008,https://boxd.it/1jp6
2022-10-14,Vampire's Kiss,1988,https://boxd.it/21aY
2022-10-14,Drive My Car,2021,https://boxd.it/sv94
2022-10-14,The Apartment,1960,https://boxd.it/2aGE
2022-10-14,Roman Holiday,1953,https://boxd.it/29zW
2022-10-14,Clerks,1994,https://boxd.it/2706
2022-10-14,Timecrimes,2007,https://boxd.it/1OGM
2022-10-14,District 9,2009,https://boxd.it/1Iik
2022-10-14,Grabbers,2012,https://boxd.it/2XL4
2022-10-17,Crooklyn,1994,https://boxd.it/1efg
2022-10-17,Boyz n the Hood,1991,https://boxd.it/29Ug
2022-10-17,3 Men and a Baby,1987,https://boxd.it/1SpA
2022-10-20,Just Friends,2005,https://boxd.it/1XfA
2022-10-22,The Invisible Man,1933,https://boxd.it/1VoK
2022-10-22,Deathtrap,1982,https://boxd.it/1IpU
2022-10-22,The Player,1992,https://boxd.it/1WlM
2022-10-22,Sister Act,1992,https://boxd.it/27EA
2022-10-22,Gargoyles: The Heroes Awaken,1995,https://boxd.it/8R7k
2022-10-22,Osmosis Jones,2001,https://boxd.it/1RAi
2022-10-22,The Haunted Mansion,2003,https://boxd.it/1Vtq
2022-10-22,Repo! The Genetic Opera,2008,https://boxd.it/1Ogu
2022-10-23,Lady Vengeance,2005,https://boxd.it/248G
2022-10-23,Dear White People,2014,https://boxd.it/3Ps6
2022-10-23,Yi Yi,2000,https://boxd.it/1vCw
2022-10-23,Godzilla,1954,https://boxd.it/28kc
2022-10-23,Kill Me Now,2012,https://boxd.it/5Ske
2022-10-24,Birdboy: The Forgotten Children,2015,https://boxd.it/cj8w
2022-10-24,Neptune Frost,2021,https://boxd.it/oZ04
2022-10-24,Pleasure,2021,https://boxd.it/lPcy
2022-10-24,On the Count of Three,2021,https://boxd.it/tbfI
2022-10-26,Go,1999,https://boxd.it/1YHA
2022-10-29,A Brighter Summer Day,1991,https://boxd.it/1Luy
2022-10-29,Whisper of the Heart,1995,https://boxd.it/17uy
2022-10-29,Brazil,1985,https://boxd.it/2be2
2022-11-02,Legally Blonde: The Musical,2007,https://boxd.it/hrjM
2022-11-02,"The Vampires or, The Arch Criminals of Paris",1915,https://boxd.it/1ofA
2022-11-03,I Married a Witch,1942,https://boxd.it/1uJG
2022-11-04,Wolfman,,https://boxd.it/qzSI
2022-11-04,Clockwatchers,1997,https://boxd.it/rxg
2022-11-04,Fascination,1979,https://boxd.it/1ncU
2022-11-04,The Living Dead Girl,1982,https://boxd.it/2F6M
2022-11-04,Club of the Laid Off,1989,https://boxd.it/7tj0
2022-11-05,Oingo Boingo: Farewell (Live from the Universal Amphitheatre),1996,https://boxd.it/KYq
2022-11-05,Gremlins,1984,https://boxd.it/29gg
2022-11-08,Chungking Express,1994,https://boxd.it/1UDa
2022-11-09,My Sassy Girl,2001,https://boxd.it/1Ury
2022-11-09,Shall We Dance?,1996,https://boxd.it/1UhS
2022-11-09,Masculin Féminin,1966,https://boxd.it/23UY
2022-11-09,Someone Great,2019,https://boxd.it/iFva
2022-11-16,Kinky Boots,2005,https://boxd.it/1KfC
2022-11-20,The Big Sick,2017,https://boxd.it/eHvy
2022-11-20,Blood Relatives,2022,https://boxd.it/Cj5Y
2022-11-20,A Wounded Fawn,2022,https://boxd.it/Aqui
2022-11-21,Revenge,2017,https://boxd.it/gL9g
2022-11-21,The Green Planet,2022,https://boxd.it/yXpw
2022-11-21,The U.S. and the Holocaust,2022,https://boxd.it/Cyf0
2022-11-21,Baby Fever,2022,https://boxd.it/BwBc
2022-11-21,The Fall,2021,https://boxd.it/zZjW
2022-11-26,I'm Your Man,2021,https://boxd.it/tWcG
2022-11-26,Meeting Place,1989,https://boxd.it/5W2o
2022-11-26,Edge of Seventeen,1998,https://boxd.it/23Ew
2022-11-26,Ngati,1987,https://boxd.it/74uC
2022-11-26,"What's Up, Doc?",1972,https://boxd.it/21iy
2022-11-26,Blow the Man Down,2019,https://boxd.it/lzJ2
2022-11-27,Moonstruck,1987,https://boxd.it/27zg
2022-11-27,Cheaper by the Dozen,1950,https://boxd.it/1eKI
2022-11-28,Please Don't Eat the Daisies,1960,https://boxd.it/1F8G
2022-11-28,Vampira,1974,https://boxd.it/33s8
2022-12-07,Hotel Transylvania 3: Summer Vacation,2018,https://boxd.it/e1zI
2022-12-22,Shattered Glass,2003,https://boxd.it/1PXa
2022-12-22,Dark Harvest,,https://boxd.it/paVq
2022-12-26,Deathgasm,2015,https://boxd.it/avNs
2022-12-26,High School,1968,https://boxd.it/gkK
2022-12-26,Peppermint Soda,1977,https://boxd.it/2NiG
2022-12-27,Blow Out,1981,https://boxd.it/1TlE
2022-12-27,The Conversation,1974,https://boxd.it/2a38
2022-12-28,The Man Who Fell to Earth,1976,https://boxd.it/298w
2023-01-01,Close Encounters of the Third Kind,1977,https://boxd.it/29u8
2023-01-01,Belle,2021,https://boxd.it/tbEe
2023-01-01,The Young Girls of Rochefort,1967,https://boxd.it/26K8
2023-01-01,Violent Night,2022,https://boxd.it/xXBA
2023-01-04,Cold Turkey,1971,https://boxd.it/WLy
2023-01-04,Slums of Beverly Hills,1998,https://boxd.it/1NCO
2023-01-06,Hiroshima Mon Amour,1959,https://boxd.it/22WY
2023-01-07,World's Greatest Dad,2009,https://boxd.it/1DVG
2023-01-07,Asteroid City,2023,https://boxd.it/s3ds
2023-01-07,Kraven the Hunter,2023,https://boxd.it/jGuE
2023-01-07,Dracula,,https://boxd.it/tQCo
2023-01-07,Wasteland,2019,https://boxd.it/mWz2
2023-01-07,Showing Up,2022,https://boxd.it/tJ1q
2023-01-07,Eileen,2023,https://boxd.it/oJcS
2023-01-07,Megalopolis,,https://boxd.it/lPBS
2023-01-07,The Last Voyage of the Demeter,2023,https://boxd.it/nzTq
2023-01-07,Laughter in the Dark,,https://boxd.it/t53G
2023-01-07,Landscape with Invisible Hand,2023,https://boxd.it/tesq
2023-01-09,The Edukators,2004,https://boxd.it/2aHC
2023-01-21,Princess Jellyfish,2010,https://boxd.it/rujq
2023-01-21,The Tatami Galaxy,2010,https://boxd.it/oL50
2023-01-21,Kaiba,2008,https://boxd.it/qIGc
2023-01-21,The Night of the Hunter,1955,https://boxd.it/25HW
2023-01-21,The Baader Meinhof Complex,2008,https://boxd.it/21fY
2023-01-21,The White Ribbon,2009,https://boxd.it/17eU
2023-01-21,Persona,1966,https://boxd.it/29B4
2023-01-23,Miss Juneteenth,2020,https://boxd.it/oinO
2023-01-25,Lea Press on Limbs,1988,https://boxd.it/5A8k
2023-01-27,Citizenfour,2014,https://boxd.it/9eSe
2023-01-27,The Internet's Own Boy: The Story of Aaron Swartz,2014,https://boxd.it/7lcA
2023-01-27,HyperNormalisation,2016,https://boxd.it/eOGy
2023-01-27,ODDTAXI,2021,https://boxd.it/vTy4
2023-01-30,Citizen Kane,1941,https://boxd.it/71O
2023-01-30,Zouzou,1934,https://boxd.it/U3O
2023-01-31,Primer,2004,https://boxd.it/6YA
2023-02-07,Infinity Train,2016,https://boxd.it/f5vM
2023-02-10,Dune,2021,https://boxd.it/fA7G
2023-02-10,Seconds,1966,https://boxd.it/1Dbe
2023-02-11,Dr. Alien,1989,https://boxd.it/2g8o
2023-02-11,Joan's Galaxy,2020,https://boxd.it/rLyW
2023-02-11,Barber Westchester,2021,https://boxd.it/C0vo
2023-02-11,Kyousougiga,2011,https://boxd.it/2SbK
2023-02-11,Urusei Yatsura: Date with a Spirit,1991,https://boxd.it/xEwc
2023-02-11,Real Genius,1985,https://boxd.it/1OeI
2023-02-23,The Devil's Own,1997,https://boxd.it/24he
2023-02-26,Stewart Lee: Snowflake,2022,https://boxd.it/CzoM
2023-02-26,Stewart Lee: Tornado,2022,https://boxd.it/CHD6
2023-03-02,Acid Rain,2019,https://boxd.it/l72a
2023-04-05,The Assistant,2019,https://boxd.it/neWo
2023-04-05,Damsels in Distress,2011,https://boxd.it/2TjK
2023-04-09,Ek Ladki Ko Dekha Toh Aisa Laga,2019,https://boxd.it/jp1g
2023-04-09,RRR,2022,https://boxd.it/ljDs
2023-04-11,Party Girl,1995,https://boxd.it/1b7e
2023-04-12,Coded: The Hidden Love of J.C. Leyendecker,2021,https://boxd.it/uZiu
2023-04-12,The Facility,2021,https://boxd.it/v9Qw
2023-04-12,Lynching Postcards: Token of a Great Day,2021,https://boxd.it/xEZy
2023-04-12,Pas de Deux,1968,https://boxd.it/4dP4
2023-04-12,On Memory,2021,https://boxd.it/y0Ge
2023-04-15,Muriel's Wedding,1994,https://boxd.it/2aO4
2023-04-15,Modesty Blaise,1966,https://boxd.it/1a8U
2023-04-15,Blood for Dracula,1974,https://boxd.it/1uNe
2023-04-15,The Boy Friend,1971,https://boxd.it/1iVq
2023-04-15,Viva,2007,https://boxd.it/1wQY
2023-04-15,How to Marry a Millionaire,1953,https://boxd.it/1WBq
2023-04-19,Desperate Living,1977,https://boxd.it/1Or8
2023-04-19,The Fairies,1989,https://boxd.it/jers
2023-04-20,Weathering with You,2019,https://boxd.it/kPxE
2023-04-21,Columbus,2017,https://boxd.it/eCuA
2023-04-23,A Slightly Pregnant Man,1973,https://boxd.it/41QY
2023-04-23,I May Destroy You,2020,https://boxd.it/qX9i
2023-04-23,The Glory,2022,https://boxd.it/FwZw
2023-04-23,BEEF,2023,https://boxd.it/FPsm
2023-04-23,Little Women,2022,https://boxd.it/D6Fm
2023-04-23,The Tale of the Princess Kaguya,2013,https://boxd.it/4JQI
2023-04-23,Lady Snowblood,1973,https://boxd.it/26Fi
2023-04-23,Anna Karenina,2012,https://boxd.it/3lyy
2023-04-23,All That Heaven Allows,1955,https://boxd.it/UNi
2023-04-23,Double Indemnity,1944,https://boxd.it/297I
2023-04-23,Fat Girl,2001,https://boxd.it/2a6w
2023-04-24,"Cabiria, Charity, Chastity",2017,https://boxd.it/h4vg
2023-04-24,The Evil Dead,1981,https://boxd.it/29Go
2023-04-25,Empire Records,1995,https://boxd.it/1PY8
2023-04-25,Vincent,1982,https://boxd.it/1hLa
2023-04-25,World of Tomorrow Episode Three: The Absent Destinations of David Prime,2020,https://boxd.it/rmsk
2023-04-25,World of Tomorrow,2015,https://boxd.it/9Gr6
2023-04-25,World of Tomorrow Episode Two: The Burden of Other People's Thoughts,2017,https://boxd.it/gU8m
2023-04-25,It's Such a Beautiful Day,2012,https://boxd.it/hCY2
2023-04-25,Bad Genius,2017,https://boxd.it/ggpM
2023-04-25,Bingo: The King of the Mornings,2017,https://boxd.it/fcGs
2023-04-25,The Happiness of the Katakuris,2001,https://boxd.it/1KDY
2023-04-25,Inside Llewyn Davis,2013,https://boxd.it/34Ro
2023-04-25,Mononoke,2007,https://boxd.it/meNa
2023-04-25,Barry Lyndon,1975,https://boxd.it/25A2
2023-04-25,Ôrí,1989,https://boxd.it/fAJg
2023-04-25,DAICON IV Opening Animation,1983,https://boxd.it/3q02
2023-04-25,Guaxuma,2018,https://boxd.it/jhTa
2023-04-25,Kizumonogatari Part 1: Tekketsu,2016,https://boxd.it/c7sO
2023-04-25,Bakemonogatari,2009,https://boxd.it/tExw
2023-04-25,"The Cook, the Thief, His Wife & Her Lover",1989,https://boxd.it/20VO
2023-04-25,Kamikaze Girls,2004,https://boxd.it/1ucC
2023-04-25,The Little Mermaid,1968,https://boxd.it/3b86
2023-04-25,Memories of Matsuko,2006,https://boxd.it/1iVU
2023-04-25,Time Piece,1965,https://boxd.it/IrE
2023-04-25,Cat Soup,2001,https://boxd.it/1wrk
2023-04-25,Tekkonkinkreet,2006,https://boxd.it/1Pui
2023-04-25,Boy & the World,2013,https://boxd.it/6CM4
2023-04-25,Bubble Bath,1979,https://boxd.it/7lJE
2023-04-25,Night on the Galactic Railroad,1985,https://boxd.it/1800
2023-04-25,*Corpus Callosum,2002,https://boxd.it/44gO
2023-04-25,Chronos,1985,https://boxd.it/1GRs
2023-04-25,Summer Wars,2009,https://boxd.it/1oDC
2023-04-25,Copenhagen Cowboy,2023,https://boxd.it/DBxo
2023-04-25,Nayola,2022,https://boxd.it/lFKq
2023-04-25,Cutie Honey,2004,https://boxd.it/1CHe
2023-04-25,R100,2013,https://boxd.it/5Qc8
2023-04-25,Phenomena,1985,https://boxd.it/1o4s
2023-04-25,Children of the Sea,2019,https://boxd.it/lwe6
2023-04-25,Antiporno,2016,https://boxd.it/eDjy
2023-04-25,Beyond the Valley of the Dolls,1970,https://boxd.it/22GQ
2023-04-25,You and the Night,2013,https://boxd.it/5MOM
2023-04-25,Strange Way of Life,2023,https://boxd.it/Aomw
2023-04-25,I Am Not Your Negro,2016,https://boxd.it/etXy
2023-04-25,"Why, Human?",2021,https://boxd.it/u0vs
2023-04-25,Emilie Muller,1994,https://boxd.it/ewEO
2023-04-25,Behind Every Good Man,1967,https://boxd.it/bJfm
2023-04-25,Four Women,1975,https://boxd.it/b376
2023-04-25,The Discreet Charm of the Bourgeoisie,1972,https://boxd.it/2440
2023-04-25,I Am Cuba,1964,https://boxd.it/1hUQ
2023-04-25,"One, Two, Three",1961,https://boxd.it/2ap4
2023-04-25,Harold and Maude,1971,https://boxd.it/2axM
2023-04-25,Roger & Me,1989,https://boxd.it/289I
2023-04-25,Schindler's List,1993,https://boxd.it/2aq2
2023-04-25,Withnail & I,1987,https://boxd.it/1Qa4
2023-04-26,The Children's Hour,1961,https://boxd.it/1DZI
2023-04-26,Inside Out,1991,https://boxd.it/bUt0
2023-04-26,The Act of Killing,2012,https://boxd.it/44Cg
2023-04-27,Supermarket Woman,1996,https://boxd.it/2Qgo
2023-04-29,Adam's Rib,1949,https://boxd.it/1vQy
2023-04-29,"They Shoot Horses, Don't They?",1969,https://boxd.it/1q9u
2023-04-29,Bringing Up Baby,1938,https://boxd.it/29ks
2023-04-29,Tongues Untied,1989,https://boxd.it/3m1g
2023-04-29,Nashville,1975,https://boxd.it/25GE
2023-04-29,80 for Brady,2023,https://boxd.it/zz3e
2023-04-29,The Notebook,2004,https://boxd.it/1UNE
2023-04-29,The Holiday,2006,https://boxd.it/28ye
2023-04-29,"Love, Rosie",2014,https://boxd.it/62hE
2023-04-29,The Lost City,2022,https://boxd.it/sg0Q
2023-04-29,Always Be My Maybe,2019,https://boxd.it/iB2y
2023-04-29,The Women,1939,https://boxd.it/1AuM
2023-04-30,I Shot Andy Warhol,1996,https://boxd.it/1sWS
2023-04-30,Daisies,1966,https://boxd.it/LZk
2023-04-30,The Lady Eve,1941,https://boxd.it/25LY
2023-04-30,Gentlemen Prefer Blondes,1953,https://boxd.it/29Hc
2023-04-30,Polite Society,2023,https://boxd.it/AU9u
2023-04-30,Lady Parts,2018,https://boxd.it/rsms
2023-04-30,Arcade,2013,https://boxd.it/dSvM
2023-05-04,Jurassic Punk,2022,https://boxd.it/zdry
2023-05-04,The Secret of Cuck Island,2022,https://boxd.it/Br8u
2023-05-07,Nacho Libre,2006,https://boxd.it/1YTG
2023-05-07,Mystery Men,1999,https://boxd.it/1XIM
2023-05-09,Guardians of the Galaxy Vol. 3,2023,https://boxd.it/fVNI
2023-05-11,Only the Good Survive,2023,https://boxd.it/C6Xy
2023-05-11,Hector,1987,https://boxd.it/S0o
2023-05-11,The Eight Mountains,2022,https://boxd.it/ufRe
2023-05-15,We're All Going to the World's Fair,2021,https://boxd.it/tbmY
2023-05-15,The Map of Tiny Perfect Things,2021,https://boxd.it/p3O8
2023-05-16,Puella Magi Madoka Magica,2011,https://boxd.it/px3c
2023-05-18,Portrait of a Lady on Fire,2019,https://boxd.it/jkPq
2023-05-18,Some Like It Hot,1959,https://boxd.it/2aNA
2023-05-18,Arsenic and Old Lace,1944,https://boxd.it/2aRW
2023-05-18,Bend It Like Beckham,2002,https://boxd.it/2am0
2023-05-18,August in the Water,1995,https://boxd.it/3xQE
2023-05-18,Fallen,2006,https://boxd.it/Emg
2023-05-18,Before Sunset,2004,https://boxd.it/2bcg
2023-05-18,Before Sunrise,1995,https://boxd.it/2bcU
2023-05-18,"4 Months, 3 Weeks and 2 Days",2007,https://boxd.it/27DW
2023-05-18,Contact,1997,https://boxd.it/29OM
2023-05-18,Raise the Red Lantern,1991,https://boxd.it/1WlC
2023-05-18,Girlfriends,1978,https://boxd.it/3JYU
2023-05-18,Before Midnight,2013,https://boxd.it/4ive
2023-05-18,"Love, Death & Robots: Bad Travelling",2022,https://boxd.it/BykM
2023-05-18,Goodbye Jerome!,2022,https://boxd.it/yqt6
2023-05-18,Aya of Yop City,2013,https://boxd.it/67eg
2023-05-18,North by Northwest,1959,https://boxd.it/2aRM
2023-05-18,Planet Terror,2007,https://boxd.it/27Gw
2023-05-18,Euphoria: F*ck Anyone Who’s Not a Sea Blob,2021,https://boxd.it/tMkU
2023-05-18,Eat Drink Man Woman,1994,https://boxd.it/1Wem
2023-05-18,Lars and the Real Girl,2007,https://boxd.it/21tG
2023-05-20,Suspornia,2020,https://boxd.it/shYM
2023-05-20,Help Me I'm Dying,2019,https://boxd.it/naOq
2023-05-21,David Byrne's American Utopia,2020,https://boxd.it/oUAG
2023-05-21,Baby Assassins,2021,https://boxd.it/vXei
2023-05-21,Quick Change,1990,https://boxd.it/1Vx8
2023-05-21,The Tall Guy,1989,https://boxd.it/1ymc
2023-05-22,Performance,1970,https://boxd.it/1txE
2023-05-22,Spirits of the Dead,1968,https://boxd.it/ZTg
2023-05-22,Walk on the Wild Side,1962,https://boxd.it/faE
2023-05-22,True Romance,1993,https://boxd.it/2aBa
2023-05-22,Summertime,2015,https://boxd.it/8htk
2023-05-22,Sakuran,2006,https://boxd.it/1DuK
2023-05-22,The Flight of Dragons,1982,https://boxd.it/1saO
2023-05-22,Net Games,2003,https://boxd.it/27js
2023-05-22,The Iceman Cometh,1989,https://boxd.it/PuA
2023-05-22,Bride of Chucky,1998,https://boxd.it/1SJU
2023-05-22,Class of 1999,1990,https://boxd.it/1z5w
2023-05-22,FernGully: The Last Rainforest,1992,https://boxd.it/1Qzo
2023-05-22,Sweet Sweet Kink: A Collection of BDSM Stories,2019,https://boxd.it/pQAa
2023-05-22,Mia,2017,https://boxd.it/jAW8
2023-05-22,Shrimp,2018,https://boxd.it/kyNA
2023-05-22,The Story of O,1975,https://boxd.it/246U
2023-05-22,Heavy Metal,1981,https://boxd.it/1SZI
2023-05-22,Logan's Run,1976,https://boxd.it/1Vma
2023-05-22,Queen of Outer Space,1958,https://boxd.it/VcM
2023-05-22,Supergirl,1984,https://boxd.it/1Y8A
2023-05-22,Showgirls,1995,https://boxd.it/1Vmk
2023-05-23,Cyberotica: Computer Escapes,1996,https://boxd.it/dYqe
2023-05-23,Blonde Heaven,1995,https://boxd.it/1pN4
2023-05-23,Driller,1984,https://boxd.it/51D8
2023-05-23,Manon of the Spring,1986,https://boxd.it/24gA
2023-05-23,Exit to Eden,1994,https://boxd.it/1H3I
2023-05-23,Crimes of Passion,1984,https://boxd.it/10Sy
2023-05-23,The Transgressor,1974,https://boxd.it/1300
2023-05-24,Everybody Wants Some!!,2016,https://boxd.it/9mgM
2023-05-24,Tampopo,1985,https://boxd.it/1SZe
2023-05-24,Gosford Park,2001,https://boxd.it/239e
2023-05-24,Urban Legend,1998,https://boxd.it/1XDi
2023-05-24,Dracula,1931,https://boxd.it/2b34
2023-05-24,Crimson Peak,2015,https://boxd.it/62Ty
2023-05-24,The Phantom of the Opera,2004,https://boxd.it/1XHu
2023-05-24,"Elvira, Mistress of the Dark",1988,https://boxd.it/22LG
2023-05-24,The Hunger,1983,https://boxd.it/1Tk2
2023-05-24,Donnie Darko,2001,https://boxd.it/2b2A
2023-05-24,The Lost Boys,1987,https://boxd.it/28DI
2023-05-24,The Crow,1994,https://boxd.it/1Yxq
2023-05-24,May,2002,https://boxd.it/1V8M
2023-05-24,Gaslight,1944,https://boxd.it/1PYs
2023-05-24,The Haunting of Bly Manor,2020,https://boxd.it/rUdS
2023-05-24,Jonathan Strange & Mr Norrell,2015,https://boxd.it/vIME
2023-05-24,Storytelling,2001,https://boxd.it/1JYm
2023-05-24,The Sweetest Thing,2002,https://boxd.it/1T28
2023-05-24,Gothic,1986,https://boxd.it/1fkG
2023-05-24,Dorian Gray,2009,https://boxd.it/1zaw
2023-05-24,The Haunting,1963,https://boxd.it/1T7M
2023-05-24,Mary Shelley's Frankenstein,1994,https://boxd.it/25T4
2023-05-24,The Cable Guy,1996,https://boxd.it/1XAI
2023-05-24,Disclosure,2020,https://boxd.it/oijM
2023-05-24,Once Bitten,1985,https://boxd.it/1FMc
2023-05-25,"Sex, Lies, and Videotape",1989,https://boxd.it/28Oc
2023-05-25,Barbie and the Diamond Castle,2008,https://boxd.it/1R2K
2023-05-25,White Palace,1990,https://boxd.it/10pQ
2023-05-25,3 Idiots,2009,https://boxd.it/1Dsa
2023-05-25,Baby Done,2020,https://boxd.it/lAt0
2023-05-25,Attack the Block 2,,https://boxd.it/vjLc
2023-05-25,Stoned Alone,,https://boxd.it/jAX6
2023-05-25,Nightbitch,,https://boxd.it/rk8s
2023-05-25,Liarmouth: A Feel-Bad Romance,,https://boxd.it/D330
2023-05-25,The Killer,2023,https://boxd.it/u6WE
2023-05-25,West Side Story,2021,https://boxd.it/iwt0
2023-05-25,The Ritz,1976,https://boxd.it/5UW
2023-05-25,Fingernails,,https://boxd.it/tJ82
2023-05-26,Wristcutters: A Love Story,2006,https://boxd.it/1QBY
2023-05-26,Almost Famous,2000,https://boxd.it/29CQ
2023-05-26,Love & Death,2023,https://boxd.it/Gdw8
2023-05-26,The Greasy Strangler,2016,https://boxd.it/anX0
2023-05-27,Fur: An Imaginary Portrait of Diane Arbus,2006,https://boxd.it/1GC8
2023-05-27,Monster-in-Law,2005,https://boxd.it/24re
2023-05-28,Smithereens,1982,https://boxd.it/3hcS
2023-05-28,"Yesterday, Today and Tomorrow",1963,https://boxd.it/VZE
2023-05-28,Even Cowgirls Get the Blues,1993,https://boxd.it/1dSG
2023-05-28,Black Swan,2010,https://boxd.it/Sw0
2023-05-29,Cobweb,2023,https://boxd.it/y3ag
2023-05-29,Inspector Ike,2020,https://boxd.it/qmgG
2023-06-01,Margin Call,2011,https://boxd.it/CJ8
2023-06-01,A Midsummer Night's Dream,1999,https://boxd.it/1WOu
2023-06-06,Rosencrantz & Guildenstern Are Dead,1990,https://boxd.it/1FXE
2023-06-08,Only Yesterday,1991,https://boxd.it/1MR4
2023-06-08,The Beta Test,2021,https://boxd.it/sa0g
2023-06-08,Fantastic Fungi,2019,https://boxd.it/mDS0
2023-06-08,Atonement,2007,https://boxd.it/24ui
2023-06-08,Brokeback Mountain,2005,https://boxd.it/2b2q
2023-06-10,Northanger Abbey,2007,https://boxd.it/1HzY
2023-06-10,The Carmilla Movie,2017,https://boxd.it/eSVs
2023-06-10,The Half of It,2020,https://boxd.it/m0T4
2023-06-10,8 Women,2002,https://boxd.it/27Lm
2023-06-10,Crush,2022,https://boxd.it/wuHW
2023-06-10,The Favourite,2018,https://boxd.it/d2hI
2023-06-10,Battle of the Sexes,2017,https://boxd.it/cNxw
2023-06-10,Yes or No,2010,https://boxd.it/cK
2023-06-10,Badhaai Do,2022,https://boxd.it/sl1E
2023-06-10,A Date for Mad Mary,2016,https://boxd.it/egeg
2023-06-10,Si Chedeng at Si Apple,2017,https://boxd.it/htxw
2023-06-10,Marlina the Murderer in Four Acts,2017,https://boxd.it/gazQ
2023-06-10,Maja Ma,2022,https://boxd.it/ADag
2023-06-10,Show Me Love,1998,https://boxd.it/1TmW
2023-06-10,Waitress,2007,https://boxd.it/1Vt6
2023-06-10,Jane Fonda in Five Acts,2018,https://boxd.it/hEfS
2023-06-10,The Search for Signs of Intelligent Life in the Universe,1991,https://boxd.it/YuE
2023-06-10,The Celluloid Closet,1995,https://boxd.it/1gWw
2023-06-10,Lily for President?,1982,https://boxd.it/veuq
2023-06-10,Blazing Saddles,1974,https://boxd.it/1UHQ
2023-06-10,A Fish Called Wanda,1988,https://boxd.it/29YC
2023-06-10,City Slickers,1991,https://boxd.it/28P0
2023-06-10,Broadcast News,1987,https://boxd.it/1RxS
2023-06-10,Victor/Victoria,1982,https://boxd.it/1RzE
2023-06-10,Private Benjamin,1980,https://boxd.it/1VrY
2023-06-10,Silver Streak,1976,https://boxd.it/1TyI
2023-06-10,American Graffiti,1973,https://boxd.it/29us
2023-06-10,Cat Ballou,1965,https://boxd.it/1TdA
2023-06-10,A Shot in the Dark,1964,https://boxd.it/28w8
2023-06-10,The Court Jester,1955,https://boxd.it/1SXW
2023-06-11,A Parks and Recreation Special,2020,https://boxd.it/q1k8
2023-06-11,Wizards on Deck with Hannah Montana,2009,https://boxd.it/2HCU
2023-06-14,Blue Jasmine,2013,https://boxd.it/50MI
2023-06-14,The Final Member,2012,https://boxd.it/46WC
2023-06-14,Revolutionary Girl Utena: The Adolescence of Utena,1999,https://boxd.it/1EBM
2023-06-15,As You Like It,2006,https://boxd.it/1FHc
2023-06-15,Dangerous Liaisons,1988,https://boxd.it/29r4
2023-06-15,Final Cut: Ladies and Gentlemen,2012,https://boxd.it/491E
2023-06-17,Persepolis,2007,https://boxd.it/27DC
2023-06-17,Interstella 5555: The 5tory of the 5ecret 5tar 5ystem,2003,https://boxd.it/1ULy
2023-06-17,Song of the Sea,2014,https://boxd.it/3Ic6
2023-06-17,Flee,2021,https://boxd.it/ponM
2023-06-17,Wolfwalkers,2020,https://boxd.it/fGrC
2023-06-17,The Final Exit of the Disciples of Ascensia,2019,https://boxd.it/mpRC
2023-06-17,Son of the White Mare,1981,https://boxd.it/10f2
2023-06-17,Perfect Blue,1997,https://boxd.it/1W7A
2023-06-17,The Breadwinner,2017,https://boxd.it/frLs
2023-06-17,Fantastic Planet,1973,https://boxd.it/1KnQ
2023-06-18,mid90s,2018,https://boxd.it/fxIa
2023-06-18,Saint Frances,2019,https://boxd.it/l9w2
2023-06-18,Blaze,2022,https://boxd.it/sPfQ
2023-06-18,Casanova,2005,https://boxd.it/1Y4e
2023-06-18,Hidden Figures,2016,https://boxd.it/dgS4
2023-06-21,Irma Vep,2022,https://boxd.it/BbgC
2023-06-21,Irma Vep,1996,https://boxd.it/1vYs
2023-06-25,Quiz Show,1994,https://boxd.it/1TPa
2023-06-25,Kicking and Screaming,1995,https://boxd.it/1pHK
2023-06-25,The Blood of a Poet,1932,https://boxd.it/19Bw
2023-06-25,Fusé: Memoirs of a Huntress,2012,https://boxd.it/68Yu
2023-06-25,Phantom,2004,https://boxd.it/gwaS
2023-06-25,The Cabinet of Dr. Caligari,1920,https://boxd.it/2aOo
2023-06-26,Frances Ha,2012,https://boxd.it/41Xg
2023-06-26,Ghost World,2001,https://boxd.it/28Dy
2023-06-26,Byzantium,2012,https://boxd.it/3v8q
2023-06-26,Weird: The Al Yankovic Story,2022,https://boxd.it/yYZA
2023-06-26,Freaks,2018,https://boxd.it/jFUm
2023-06-26,Devs,2020,https://boxd.it/ppHI
2023-06-26,Support the Girls,2018,https://boxd.it/ghHs
2023-06-26,Mind Game,2004,https://boxd.it/1Bv2
2023-06-26,Boogie Nights,1997,https://boxd.it/23um
2023-06-26,Carnage,2011,https://boxd.it/2peU
2023-06-26,Kill Your Darlings,2013,https://boxd.it/4VRS
2023-06-26,Minari,2020,https://boxd.it/mL9M
2023-06-26,Paprika,2006,https://boxd.it/23wW
2023-06-26,Tokyo Godfathers,2003,https://boxd.it/1Qg2
2023-06-26,Barton Fink,1991,https://boxd.it/2aFQ
2023-06-26,The Banshees of Inisherin,2022,https://boxd.it/p7XS
2023-06-26,Sonic the Hedgehog,2020,https://boxd.it/gdK8
2023-06-26,Garden State,2004,https://boxd.it/2asW
2023-06-26,Ghost in the Shell,1995,https://boxd.it/1YYc
2023-06-26,Some Nudity Required,1998,https://boxd.it/3DaO
2023-06-26,The Cosmic Eye,1986,https://boxd.it/7XIk
2023-06-26,Hot Girls Wanted,2015,https://boxd.it/aitE
2023-06-26,Holy Trinity,2019,https://boxd.it/mDgK
2023-06-26,Sick of Myself,2022,https://boxd.it/tEzs
2023-06-26,Meeting the Man: James Baldwin in Paris,1970,https://boxd.it/oKjA
2023-06-26,The Others,2001,https://boxd.it/27Po
2023-06-26,Wild Target,2010,https://boxd.it/SGk
2023-06-26,Addicted to Fresno,2015,https://boxd.it/9B0a
2023-06-26,Center Jenny,2013,https://boxd.it/6Tu2
2023-06-26,The Runaways,2010,https://boxd.it/1rsC
2023-06-26,This Place Rules,2022,https://boxd.it/CJGm
2023-06-26,The Old Dark House,1932,https://boxd.it/1iL6
2023-06-26,Beyond the Infinite Two Minutes,2020,https://boxd.it/ujVk
2023-06-26,Dr. Strangelove or: How I Learned to Stop Worrying and Love the Bomb,1964,https://boxd.it/29eY
2023-06-26,Carol,2015,https://boxd.it/7DPK
2023-06-26,The Red Turtle,2016,https://boxd.it/bdkE
2023-06-26,The Prince of Egypt,1998,https://boxd.it/1XGQ
2023-06-26,Smoking Causes Coughing,2022,https://boxd.it/wVl4
2023-06-26,Wrong,2012,https://boxd.it/2V5K
2023-06-26,"Faster, Pussycat! Kill! Kill!",1965,https://boxd.it/2aBO
2023-06-26,Serial Mom,1994,https://boxd.it/1Tty
2023-06-26,Hackers,1995,https://boxd.it/1WhU
2023-06-27,Car Wash,1976,https://boxd.it/1McA
2023-06-29,TRIGUN,1998,https://boxd.it/px2y
2023-06-30,Little Witch Academia: The Enchanted Parade,2015,https://boxd.it/bEB8
2023-07-01,Journey to the Dark Head,2023,https://boxd.it/GqL6
2023-07-02,Behind the Scenes at Daria,2000,https://boxd.it/l8hg
2023-07-03,#1 Cheerleader Camp,2010,https://boxd.it/Zww
2023-07-04,If,2024,https://boxd.it/nJwG
2023-07-04,Spirited,2022,https://boxd.it/nshk
2023-07-06,Upgrade,2018,https://boxd.it/i4gW
2023-07-07,The Insider,1999,https://boxd.it/1ZoE
2023-07-07,The Man from Earth,2007,https://boxd.it/1Ql2
2023-07-07,Wizards,1977,https://boxd.it/1Kz8
2023-07-07,"Miraculous: Ladybug & Cat Noir, The Movie",2023,https://boxd.it/hUGA
2023-07-07,Icarus,2022,https://boxd.it/yGVU
2023-07-07,Far from the Tree,2021,https://boxd.it/vmgc
2023-07-07,Blush,2021,https://boxd.it/uPgy
2023-07-07,Other Half,2021,https://boxd.it/vNti
