Letterboxd list export v7
Date,Name,Tags,URL,Description
2022-11-12,CommonRoom-core,,https://boxd.it/j5dNC,

Position,Name,Year,URL,Description
1,Atlantis: The Lost Empire,2001,https://boxd.it/1Vck,
2,Hercules,1997,https://boxd.it/1SDW,
3,Harry Potter and the Prisoner of Azkaban,2004,https://boxd.it/29Qy,
4,Harry Potter and the Philosopher's Stone,2001,https://boxd.it/29QS,
5,Harry Potter and the Goblet of Fire,2005,https://boxd.it/29Qo,
6,Harry Potter and the Chamber of Secrets,2002,https://boxd.it/29QI,
7,Harry Potter and the Deathly Hallows: Part 2,2011,https://boxd.it/1RYk,
8,Harry Potter and the Order of the Phoenix,2007,https://boxd.it/29Qe,
9,Harry Potter and the Deathly Hallows: Part 1,2010,https://boxd.it/1RYu,
10,Harry Potter and the Half-Blood Prince,2009,https://boxd.it/29FU,
11,The Lord of the Rings: The Fellowship of the Ring,2001,https://boxd.it/2b5O,
12,The Lord of the Rings: The Return of the King,2003,https://boxd.it/2b5u,
13,The Lord of the Rings: The Two Towers,2002,https://boxd.it/2b5E,
14,The Haunting of Hill House,2018,https://boxd.it/kfJ0,
15,Ponyo,2008,https://boxd.it/1S0A,
16,I Am Mother,2019,https://boxd.it/ihNE,
17,The Kissing Booth,2018,https://boxd.it/geR0,
18,The Kissing Booth 2,2020,https://boxd.it/lrky,
19,Enola Holmes,2020,https://boxd.it/hX2o,
20,Palm Springs,2020,https://boxd.it/lCXQ,
21,Everything Everywhere All at Once,2022,https://boxd.it/jUk4,
22,The Suicide Squad,2021,https://boxd.it/fw6O,
23,Monster House,2006,https://boxd.it/1Z2e,
24,Train to Busan,2016,https://boxd.it/dSQU,
25,Tenet,2020,https://boxd.it/leq4,
26,Peninsula,2020,https://boxd.it/lnrU,
27,Twilight,2008,https://boxd.it/1Zui,
28,Porco Rosso,1992,https://boxd.it/1Tp2,
29,The Lion King,1994,https://boxd.it/201Q,
30,The Nice Guys,2016,https://boxd.it/94Hg,
31,Brave,2012,https://boxd.it/bVG,
32,Brother Bear,2003,https://boxd.it/1Xjs,
33,The Unbearable Weight of Massive Talent,2022,https://boxd.it/o6eK,
